,ID,Кличка официальная,Отец id,Мать id
,1,GREAT CHAPPIE ANZIN PRIDE,2,3
,2,COPIA ONE STEP BEYOND AT KILACABAR,4,5
,3,ODESSA OPALPLAST WHITE PERLS UA,6,7
,4,BLUEPOINT HOT SHOT AT KILACABAR,8,9
,5,ABBIS DREAM OF COPIA,10,11
,6,LLANWENARTH LOVE OPALPLAST,12,13
,7,MONSERRATE WHITE PERLS UA,14,15
,8,LEGENDARY LEON TIMAR,16,17
,9,BLUEPOINT PRETTY SPECIAL,18,19
,10,BRITE YOUNG FIRE AT KILACABAR,16,20
,11,WHITE WOUNDER OF COPIA,21,22
,12,NORTHERN THUNDER AT KILACABAR,23,24
,13,GIMAR SCARLET O'HARA AT LLANWENARTH,25,26
,14,WAGNER OPALPLAST LAKONGA,27,28
,15,BLACK SHEEP OPALPLAST GOBLIN,29,30
,16,NOSRETTAP CELTIC STAR AT KILACABAR,23,31
,17,HOZA HANKA TIMAR,32,33
,18,NAEJEKIM LUCIFER RISING AT BLUEPOINT,34,35
,19,IF THE GOING GETS TOUGH AT DENPOWER,36,37
,20,KILADAGH DARK ANGEL OF SEAYESS,38,39
,21,BULLYWOOD ADONIS,40,41
,22,BANNYSTONE BASHFUL BABE,42,43
,23,ALECTO KOOL BARRACUDA AT KILACABAR,44,45
,24,THINGWALL DOLLY'S PRIDE,46,47
,25,APACHE BRAVE OF KILACABAR,48,49
,26,KIARAS KISSES,50,51
,27,BE MY BABY OPALPLAST,52,53
,28,ENEMY PUBLIC NUMBER ONE LAKONGA,54,55
,29,TONY RICKARDSSON OPALPLAST,56,57
,30,SHARON STONE GOBLIN OPALPLAST,54,58
,31,KILACABAR FIRE STAR AT NOSRETTAP,59,60
,32,GENTLE LAWMAN OF KILACABAR,61,62
,33,FOREMNA FRYTKA TIMAR,63,64
,34,ISSACHAR ICEMAN OF DENPOWER,65,66
,35,SWEET LITTLE DIAMOND,36,67
,36,HILLANVALE SNOW KING OF DENPOWER,61,68
,37,PRIDE OF OUR ALLEY,69,70
,38,CWMDULAIS FLASH HARRY,59,71
,39,KILADAGH ILLUSION,72,73
,40,BLAZING STORM AT BULLYWOOD,42,43
,41,BLAZING FLAME OF BULLYWOOD,42,74
,42,BULLYWOOD BLAZING STAR,48,75
,43,MULBERRY MOLLIE,76,74
,44,LUSTYGLAZE TOO HOT TO HANDLE AT KILACABAR,59,77
,45,MINFFORDD EMERALD ISLE OF KILACABAR,38,78
,46,ROCKHOME ROOSTER,79,80
,47,STICK TO FUDGE,65,66
,48,JAMIES BRIGHT STAR AT ISHABA,81,82
,49,SHADOW CHASER,83,84
,50,KILACABAR FIRE STARTER,59,60
,51,MISS MIX MAX,85,86
,52,DAZLIN DEFIANCE,23,87
,53,OPALPLAST SATIN JEDI,54,88
,54,KILADAGH BEETLEJUICE,38,39
,55,NUMBER TWO OPALPLAST,89,90
,56,DEMON INFERNO AT DAZLIN,44,91
,57,EMPRESS MAUD OF KILACABAR,48,75
,58,NUMBER ONE OPALPLAST,89,90
,59,FLASH POINT INFERNO AT KILACABAR,81,92
,60,HOCUS POCUS,93,94
,61,DENPOWER BARON BASKERVILLE OF BULLYDALE,93,95
,62,MY ELEGANT LADY,96,97
,63,LOOK ME IN THE EYE AT ARICON,98,99
,64,BYSTRA BALBINA TIMAR,100,101
,65,KENZED PRINCE OF DARKNESS AT DENPOWER,36,67
,66,BARNARD SARA,102,103
,67,LADY DAISY OF ESSAITCH,104,105
,68,KAYLORN DORN OF HILLANVALE,106,107
,69,MAPALEE NIM ROD,108,109
,70,STARAY'S RASPBERRY BERET,96,110
,71,CWMDULAIS ANGHARAQ,93,111
,72,MANZANITA MORDRED,112,113
,73,KILACABAR KANDLE IN THE WIND,114,115
,74,KERRYBAR ALEXANDRA,116,117
,75,KILACABAR KAST A SPELL OF BULLYWOOD,93,118
,76,CREDETTA KING BILLY,81,119
,77,BULLYVIEW DANCER,120,121
,78,MINFFORDD SHOW QUEEN,122,123
,79,KILACABAR THE NEW STATESMAN,124,125
,80,GAYTROLL GLORY GIRL,126,127
,81,KILACABAR STAND AND DELIVER,93,128
,82,ISHABA HOPSCOTCH,129,130
,83,EXCEL MACINTOSH,112,131
,84,STARLIGHT SUNBURST,132,133
,85,HILLANVALE MAJESTIC,134,135
,86,KALKAURAI COCO LOCO,136,137
,87,CABRIOL GEISHA GIRL OF KILACABAR,59,138
,88,SANTANA SUPERNATURAL JEDI,114,139
,89,WILBARY SKY EYE OF KILACABAR,140,141
,90,TOO HOT TO HANDLE OF KILACABAR,93,94
,91,KILADAGH PERFECT STORM,38,39
,92,STARAY'S BLUE SAVANNAH OF KILACABAR,93,110
,93,KILACABAR ROLLING THUNDER,142,125
,94,ICE GOLD BABE,143,144
,95,COUNTESSA OF BASKERVILLE,145,107
,96,TYEBAR TROUBLE BREWING,112,146
,97,DAME OF YEWTREE,147,148
,98,BRYONTEEZ EYECI SPYCI OF ARICON,116,149
,99,ARICON KELLYS EYE,116,150
,100,ZULOG DEL CORNIJAL,151,152
,101,ISADORA TIMAR,153,154
,102,DOLLYGROVES DIPLOMAT AT BARNARD,155,156
,103,BARNARD SOUIX SQWALY,157,158
,104,PRINCE OF THE NORTH AT TYEBAR,159,160
,105,SWEET FIRE CRACKER,161,162
,106,HARDRA'S HEROIC PRINCE OF DITON,163,164
,107,HILLANVALE HALF MOON,165,166
,108,MAPALEE THYME,167,168
,109,MAPALEE POLYPODY,93,169
,110,STARAY'S POKE SALAD ANNIE,170,171
,111,MANZANITA MORNING GLORY,112,113
,112,POLLORTS BRYGANDE MOBSTA,172,173
,113,WENTLOOG WOOD WARBLER,172,174
,114,TURKSHEAD SARACEN OF KILACABAR,81,175
,115,YENDORIAN LEGACY OF KILACABAR,93,176
,116,ROLDAINES EYE AT ARICON,177,178
,117,NORMESBY EYETRI,179,180
,118,TURKSHEAD AMARULA OF KILACABAR,81,175
,119,RAMEN REBEKKA AT CREDETTA,181,182
,120,BULLYVIEW RYTHAM DANCER OF ACTIVIOR,93,183
,121,BULLYVIEW FEEL THE BREEZE,184,185
,122,MANZANITA MASTER CLASS,186,187
,123,GWLADYHAF BEE GOOD,186,188
,124,SONSPAR STATESMAN AT UPEND,189,190
,125,JOAN LA PUCELLE,191,192
,126,ARICON CAPTIAN BIRDS EYE,193,194
,127,GAYTROLL WHITE MIGHT,195,196
,128,KILACABAR A KIND OF MAGIC AT BULLYVARK,197,198
,129,BULIVAR STAR BUCK TAWNBARR,199,200
,130,ISHABA CANDLEBRIGHT,165,201
,131,SWEET JASMINE,202,203
,132,SLEEPING SENTINAL,204,205
,133,BORRI MORT,206,207
,134,CERIDWEN GOLD COIN,208,209
,135,HILLANVALE LAURAS GIFT,210,68
,136,KALKAURAI NO SUCH SOUL,211,212
,137,HIPPI CHIC OF KALKAURAI,96,212
,138,CABRIOL DIAMONIQUE,48,213
,139,TOP MTOTO ALET,214,215
,140,ARICON EYE IN THE SKY,98,216
,141,WILBARY QUEEN HIGH,93,217
,142,GHABAR FLAGSHIP,165,218
,143,WILET THE THING ABOUT IT IS AT WARMASTER,219,220
,144,GENTLE LITTLE MADAM,221,222
,145,EMRED NUTCRACKER,186,223
,146,STANLANA SNOW PRINCESS OF TYEBAR,224,225
,147,BUDDY BOY BACK CHATTER,226,227
,148,SHE'S A TREASURE,228,229
,149,BRYONTEEZ DAISY MAY,199,230
,150,JAYCAR STARSHINE AT ARICON,199,231
,151,DOUBLE DUTCH OF PITMANS,232,233
,152,EXPLORER OF PRINCE BELINDA,234,235
,153,EXPLORER OF PRINCE ADVOKAT,234,235
,154,MARTAINS LITTLE HOPE,236,237
,155,SUEJABUL TORRO BLANC,142,238
,156,DOLLYGROVES ILLUSTRIOUS AT SONSPAR,239,240
,157,KILACABAR MARSHAL LAW,142,125
,158,BARNARD BLACKEYED SOUIX,241,242
,159,TYEBAR MR.DEVIOUS,112,243
,160,MY LITTLE GEM,244,245
,161,TYEBAR NORTHERN STORM,246,247
,162,DIAMOND NIGHT,248,249
,163,JACKENNA TRAILER OF DITON,250,251
,164,HARDRA'S HUMBLE PIE,252,253
,165,GHABAR THE ADMIRAL,250,254
,166,JACOBI MISS MINIVER,255,256
,167,NAPIER QUIXOTIC OF MAPALEE,170,257
,168,MAPALEE ASPHODEL,170,258
,169,MAPALEE WHITE PEPPER,167,258
,170,MAPALEE INOXYDABLE,259,260
,171,EIRDRED'S SWEET SENSATION OF STARAY,165,261
,172,MANZANITA MOONWALKER,262,263
,173,ASTELLE HOLY HAVOC,264,265
,174,GOLDEN GIRL,199,266
,175,TURKSHEAD AMOURETTE,267,268
,176,WIDGERY DREAM TOPPING,269,270
,177,ARICON EYE BET,271,272
,178,NAVADA HOME SONG,273,274
,179,ARICON EYECONTENDER,140,275
,180,SOARING FALCON,177,276
,181,BURUNDI BLACK,277,278
,182,ALDRINGHAM RUBY TUESDAY,279,280
,183,BULLYVIEW FLASH DANCE,165,281
,184,MAXDON HUSTLER AT TIAPAN,126,282
,185,BULLYVIEW GENTLE BREEZE,165,283
,186,MANZANITA MARVIN,284,285
,187,MANZANITA MARQUITA,165,286
,188,GWLADYHAF BEE MY GIRL,287,288
,189,JAKE HARDY DAVIES OF LANGVILLE,289,290
,190,HOT LIPS AT SONSPAR,250,291
,191,GREALLTOP MATADOR,292,293
,192,GREALLTOP SAYANI,294,293
,193,ARICON SAMUEL CERBERUS,232,295
,194,MORNING GLORY,296,297
,195,DAVANAS GANGER OF FOYRI,298,299
,196,CORNELIA WHITE ROSE,300,301
,197,ARGUSIDE YULETIDE GHOSTE ON CURRANEYE,181,302
,198,KILACABAR TRIPLE ECHO,181,125
,199,ARICON ONE IN THE EYE,303,304
,200,BULIVAR MEADOW BROWN,305,306
,201,WIDGERY SPARKLING KATIE,250,307
,202,GAMBLERS SPARTAN WARRIOR,189,308
,203,REVENGE OF MATILDA,309,310
,204,BRAVELLO RICKY,311,312
,205,RHEINGOLD CANDYTUFFT,313,314
,206,LITTLE BIG HEAD,315,316
,207,MOONSHINE MAGIC LADY,317,318
,208,CAMQUEST THEO SYLVANDER OF ARICON,199,319
,209,CERIDWEN CHELSEA ROSE,177,320
,210,CROSSGUNS CHECKMATE OF BULLYVIEW,321,322
,211,SILVER DREAMS OF TYEBAR,96,323
,212,BLACK EMPRESS,324,325
,213,CARBRI CHORUS GIRL,93,326
,214,QUEST HELLRAISER,327,328
,215,SCENIC SHOW ALET,329,330
,216,CEILTEACH FLICKER TO A FLAME OF ARICON,331,332
,217,NAVADA CAT WALK QUEENIE OF WILBARY,142,333
,218,GHABAR LIBERTY,334,335
,219,SONSPAR INKSPOT AT WILET,189,190
,220,WILET SPARKLING JUDY,181,336
,221,ROLYANS FLOYD CURRANEYE,337,338
,222,ROGUE KARCRIS,339,340
,223,BROBAR AUNT SALLY OF EMRED,339,341
,224,BROBAR JOKER OF EMRED,339,341
,225,TOPKINE CHIT CHAT,279,342
,226,WHITE KNIGHT WARRIOR,343,344
,227,BONNY PRINCESS JULIE,345,346
,228,MATADOMINO BOY,191,192
,229,DARK EMPRESS,343,344
,230,BRYONTEEZ BOBBIE SOXZ,347,348
,231,GEHAM GODIVA,277,349
,232,EYESHINER OF ARICON,350,351
,233,TROUBLESOME ANGEL OF BROBAR,352,353
,234,MERCEDES BUCCANEER,354,355
,235,POLYTELIS BESSIE,354,356
,236,NIMART FLIGHTY FANCY,357,358
,237,TRYOVANN AGRIPPA,359,360
,238,PENBRAY'S PETRONELLA,361,362
,239,NAVADA NAVEL OFFICER OF DOLLYGROVES,142,333
,240,BRAVELLO SEA LILY OF DOLLYGROVES,142,363
,241,SHERIFF'S STAR,262,364
,242,BARNARD DEVILS CHOICE,339,365
,243,TAWNBARR HOT PURSUIT AT TYEBAR,366,367
,244,EARL OF DARKNESS,368,369
,245,TYEBAR A REAL ROSE,370,371
,246,HORRABRIDGE HAPPY GO LUCKY,372,373
,247,INDIAN DREAM OF TYEBAR,244,225
,248,OUNSDALE FULL CIRCLE FOYRI,374,375
,249,DODWORTH DAMSEL,372,376
,250,GHABAR CRUSADER,296,335
,251,BELLA BIANCA JACKENNA,377,378
,252,CHARLSDON CAPTAIN COOK OF HARDRA,379,380
,253,HARDRA'S HIDDEN TREASURE,381,382
,254,GHABAR DEE JAY,352,335
,255,GEHAM GRAPHITE,277,349
,256,GIPADANDY OF GEHAM,377,383
,257,MERLINDAN SNOW BUNTING,292,384
,258,MAPALEE SCARBOROUGH LILY,259,385
,259,MAPALEE TURBULENT,386,387
,260,MAPALEE CHICORY BUD,388,385
,261,EIRDREDS PRUDIE TRUDIE,361,389
,262,COBRA SHARPSHOOTER OF BROBAR,339,233
,263,MANZANITA MINUET,165,286
,264,DRAHC ST. PATRICK,390,391
,265,VALOSCAT CATECHU,392,393
,266,HOLLOVILLE RED WHIRLYGIG,394,395
,267,CHEEKY TAIL AT TOPKINE,370,396
,268,TURKSHEAD ALL GOLD AT EMRED,397,398
,269,BRINHEAD STAR BOLT OF WIDGERY,399,400
,270,WIDGERY MASQUERADE,142,401
,271,BOCO BE GOOD OF ARICON,331,402
,272,EYELAND HEATHER OF ARICON,303,403
,273,ARICON THE BEST OF FOYRI,277,404
,274,BAR ELITE OF FOYRI,298,405
,275,ARICON IT IS EYE,303,150
,276,BULIVAR AMELIA BEDELIA,199,200
,277,BULIVAR REAL MCCOY,406,407
,278,BULIVAR CARMEN JONES,408,409
,279,TEREGRAMS PRINCE CHARMING,410,411
,280,DREAM MACHINE OF FOYRI,412,413
,281,ELSA PRIDE OF WAARDEN,414,415
,282,TEMPTRESS LOLAR OF GHABAR,165,416
,283,SILVER GEORDIE GIRL OF BULLYVIEW,250,417
,284,GHABAR ROBSON,165,218
,285,MANZANITA MORNING STAR,126,418
,286,AUNTY JACKIE,250,291
,287,TYEMA TRYANGLE,419,420
,288,GABRIELLE OF GWLADYHAF,250,421
,289,FAITHFIELD ROYAL SOVEREIGN,296,422
,290,LANGVILLE FELICITY JANE,423,424
,291,BARQUIN HIGH QUALITY SEED,425,426
,292,MAXIMILLIAN BULLY BOY OF JOBRULU,377,427
,293,KELMASON'S KRYSTABELLE,410,428
,294,DRURIDGE AUGUSTUS OF KEARBY,350,429
,295,KEARBY'S CHRISTMAS CAROL,430,431
,296,CATRANA EYE OPENER OF ARICON,232,432
,297,CILLA KENEE,350,433
,298,FOYRI GANZEE,434,435
,299,IONEM CEREMONIOUS,436,437
,300,BARON BARTELLA,438,439
,301,BARTELLA'S TRANSFORMAMTION,440,441
,302,ARGUSIDE GIGGLING GHOSTE OF CURRANEYE,425,442
,303,ARICON EYE SPY,126,443
,304,CATS EYE'S OF ARICON,181,444
,305,PENBRAY'S PIED PIPER,277,362
,306,BULIVAR TWILIGHT ZONE,277,278
,307,ABRAXAS ARCHON,445,446
,308,JACKNIFE SUPERIOR,447,448
,309,SKEET OF FOYRI,298,449
,310,BELLA DONNA'S ANGEL,450,451
,311,WATSZA MATTA SON OF LAUCHER,292,433
,312,BRIGHT GEM OF BADLESMERE AT BRAVELLO,381,452
,313,NAVARHOAN NOEL,453,454
,314,ELDO PHYLIDDA,455,456
,315,TRYOVANN GERMANICUS,359,360
,316,ANA ROSE OF ESSEX TREGARDENE,457,458
,317,COMMANDO WAR MONGAR,315,316
,318,LIZZIE LIL,317,459
,319,KINBRIG KIELA,460,461
,320,CERIDWEN COURT JEWEL,462,463
,321,MEGAVAR MODERATOR,464,465
,322,MIRROR IMAGE OF CROSSGUNS,271,466
,323,ERROLVIL DANCING DAMSEL,126,467
,324,GAMBLERS WHITE WARRIOR,224,468
,325,SALLY ANN,469,470
,326,WILBARY SHASTA DAISY,239,471
,327,QUEST ERASERHEAD,124,472
,328,QUEST QUIZ QUEEN,473,474
,329,POLYTELIS RED POLLUX,475,476
,330,VINDA VIP ALET,477,478
,331,ARICON ONE AND ONLY,277,404
,332,THINATO LOVE IN A MIST,165,479
,333,PORCELAIN QUEEN OF FINESSE FOYRI,273,480
,334,ARICON HAWK-EYE JACK,296,481
,335,BROBAR SILVER SATIN OF GHABAR,425,482
,336,WILET BOLD VENTURE,379,483
,337,CURRANEYE YOOHOO OF CRAMERSHA,296,484
,338,ROLYANS ANGELICA,485,486
,339,MARTONS MARAUDER,352,487
,340,WYTHAL'S CHURCHILL,488,489
,341,BROBAR HOT POT OF MEREGIS,425,482
,342,TOPKINE TITTLE TATTLE,296,490
,343,WARRIOR OF DEACON,491,492
,344,DEVO DEEVINE,493,494
,345,BULIVAR MAN FRIDAY,232,495
,346,BONY PRINCESS JUDY,493,496
,347,HONEYLYN BARON GROWSER,197,497
,348,BULIVAR TERRIBLE BEAUTY,277,498
,349,SENORITA OF GEHAM,408,499
,350,ARICONS CHIEF EYE SHY,500,443
,351,ARICON'S ANDROMEDA,501,502
,352,BROBAR TROUBLE SHOOTER,503,504
,353,BRONDY'S ANGEL EYES OF ARICON,350,505
,354,STEADFAST THOMAS OF HARDRA,506,507
,355,BLACK BULL BRASIL,508,509
,356,POLYTELIS HOPELESSLY DEVOTED,510,511
,357,BULIVAR FINE AND DANDY,377,495
,358,REGAL KNIP ESON,512,513
,359,COSSACK SABRE OF GREENVALE,514,515
,360,BRIGHT RUBY OF BADLESMERE,381,452
,361,SWAGMAN OF EIRDRED,165,516
,362,BLACK EYED SUSIE AT PENBRAY,296,517
,363,CANDY OF BRAVELLO,311,518
,364,PENNY LANE,296,519
,365,MAPALEE HENLEY,520,521
,366,TURKSHEAD BUBBLES GIFT OF BROBAR,339,522
,367,LOVELY RITA OF BROBAR,339,523
,368,ARONDELLE KELLY'S EYE,379,519
,369,LYDGATE'S BEAUTY QUEEN,524,525
,370,FAILSWORTH'S TRIPLE TROUBLE OF TOPKINE,262,526
,371,TAWNBARR THE REAL THING OF TYEBAR,224,367
,372,ARICON EYE OF THE TIGER FOYRI,527,528
,373,LORNA DOONE OF AGATES,464,529
,374,DUKE JEROME FOYRI,372,530
,375,NAVADA MISS MOLLY,126,531
,376,HILL GIRL,273,532
,377,SOUPERLATIVE JACKADANDY OF ORMANDY,533,534
,378,MOATVALE MORNING GLORY,535,536
,379,SOUPERLATIVE EXPLORER OF ORMANDY,537,538
,380,CHARLSDON BARBETTE,535,539
,381,CONTANGO CLOWN PRINCE OF HARDRA,540,541
,382,HARDRA'S HONEYPIE,535,542
,383,MEREGIS WHITE VELVET,440,543
,384,SEQOUIAH SNOWBIRD OF MERLINDAN,544,545
,385,MAPALEE BUTTERFLY LILY,546,387
,386,GHABAR GREATHEART,250,254
,387,MAPALEE EMBER TREEKLE TABS,377,521
,388,MAPALEE BRILLIANT,292,387
,389,MISS WALLABY OF EIRDRED,377,383
,390,SEGREDA ST.CHRISTOPHER OF DAJAN,379,547
,391,LADY OF DRAHC,298,448
,392,ABRAXAS ARDEN OF BLOSSDUNMERE,548,549
,393,VALOSCAT BELLADONNA,550,551
,394,CASH FOR RAYJACK,294,552
,395,TITIAN GLORY,544,553
,396,AMATOL TICK TACK,142,554
,397,EMRED BLACK GOLD,271,223
,398,GHABAR PEACE,165,218
,399,ROLLER COASTER JED OF GHABAR,165,416
,400,WIDGERY ROWENA,165,555
,401,WIDGERY SILK SQUAW,165,555
,402,BOCO PATSY,556,557
,403,MOSSBELL SAUCEY SUE,558,559
,404,EYE SHADOW OF ARICON,334,560
,405,METCHLEY MADCAP,434,561
,406,BULIVAR BATTLE STAR,350,495
,407,BULIVAR BARDOTT,562,495
,408,KEARBY'S JACKAROO,533,563
,409,BULIVAR GO BANG,377,495
,410,HOLLYFIR'S DEVIL'S GENERAL,564,565
,411,GIRL NAMED SUE OF TEREGRAM,440,566
,412,GOLD MEDAL OF FOYRI,447,567
,413,KAYDAR CALYPSO,300,568
,414,TIPSTAR MUTINEER,292,569
,415,JOHN'S HIGH HOPES,445,570
,416,KENIVE'S PRINCESS,232,571
,417,HUNTBAR SHEILAS PRIDE,572,573
,418,WHITE LIGHTNING OF GEHAM,546,574
,419,BOCO OF DUNKIRK AT ARICON,271,575
,420,TYEMA THE TROUBLE WITH,334,576
,421,LADY ELEANOR,577,578
,422,LASELLE REBECCA OF FAITHFIELD,440,579
,423,LANGVILLE ADJUTANT,410,580
,424,LANGVILLE QUALITY STREET,581,582
,425,MEREGIS JACK KNIFE,377,583
,426,SAMANDORRA OF BARQUIN,300,301
,427,PONTYBULLY SONATA,584,585
,428,KELMASON'S KAYSTAR,586,587
,429,KEARBY'S SALLY SAUCER,440,588
,430,KEARBY'S RED RUM,589,590
,431,KEARBY'S MANEQUIN,591,592
,432,KENSTAFF SHIRLEY,593,594
,433,LONELY LADY OF MAY,572,595
,434,FOYRI VERIFY,596,597
,435,FOYRI POWDER AND PAINT,598,599
,436,BADLESMERE BONAPARTE OF SOUPERLATIVE,600,601
,437,CAMILLA OF IONEM,602,603
,438,BANKTOP JULIUS,604,605
,439,ARCANUM BUSY BEE,602,606
,440,COUSIN CHARLIE OF HOLLYFIR,562,607
,441,COUNTESS BARTELLA,438,439
,442,CURRANEYE GORGEOUS GUSSIE,608,609
,443,ARICON SPANISH EYE'S,610,611
,444,DUBMIRE DUTCHESS,193,297
,445,ABRAXAS COUNT ON ME,535,612
,446,ABRAXAS ANITA,613,614
,447,QUARRY MASTER OF FOYRI,615,561
,448,BRINDLE OF STAFF,616,617
,449,ENSTEAD'S LITTLE CHIBT,618,619
,450,ONMARK'S KING VULTURE,410,620
,451,EMMA DEFENDER,621,622
,452,BOW LASS OF BADLESMERE,623,624
,453,SOUPERLATIVE SPLENDID OF JOBRULU,618,625
,454,NAVARHOAN ALPHECCA,626,627
,455,F1,628,629
,456,F2,630,631
,457,MARRAXE CEASAR BOY,632,633
,458,EASTERN LITTLE TREASURE,408,634
,459,MYSTERY LADY,315,635
,460,MAPALEE CONQUEROR,388,385
,461,KIRKVILLE JEANNIE DEANS,636,637
,462,STAMFORD BLUE OF LENSTER,506,507
,463,AFON COCH,638,639
,464,IFFINEST LOCAL HERO,640,641
,465,MEREGIS BLACK SATIN OF MEGAVAR,440,543
,466,JAYCAR MERE MISCHIEVOUS LADY,165,642
,467,BANEFIRE BUTTERFLY BLUE,303,643
,468,SONSPAR DALELANDS CASSIE,644,645
,469,WARTHORN PATRIOTIC GESTURE,646,647
,470,GAMBLERS SAUCY GIRL,648,649
,471,NAVADA TOP NOTCH OF WILBARY,650,651
,472,QUEST NOTHING BUT MAGIC,652,474
,473,HEJANO GRANDEE CURARE,386,653
,474,GHABAR TREASURE,165,218
,475,UNION JACK VON DER ALTEN VESTE,654,655
,476,BELPHEGORS ECHO OF POLYTELIS,656,657
,477,RICHIE VOM TELGEI,658,659
,478,WEST END ALET,660,661
,479,GHABAR PSALM,334,335
,480,TERRIS GIRL QUEENIE,412,662
,481,LAUCHERS LADY HAMILTON,350,663
,482,BROBAR CLEVER CLOGS,540,664
,483,FLAKY PASTRY,665,449
,484,CURRANEYE NEW LOVE,666,667
,485,CURRANEYE NOWANGUS,666,667
,486,ARCANUM COMEDIENNE OF ROLYANS,615,668
,487,PETE'S PIP OF SONSPAR,669,670
,488,TOBIAS OF REDNAL,671,672
,489,SOBOURN'S STAR BELLE,673,674
,490,TOPKINE VISION CHILD,610,675
,491,LANGVILLE NED KELLY,581,487
,492,SONSPAR SPECIAL,457,487
,493,DEVO DANDY MAN OF JOVERT,425,676
,494,CRISORDONS ALEXIA OF DEVO,677,678
,495,BARDSEY OF BADLESMERE,600,679
,496,BROBAR EYE LITE,352,341
,497,BULIVAR ROSA BELLA OF HONEYLYN,181,498
,498,BULIVAR MARY ROSE,296,680
,499,GEHAM SARDONYX,377,681
,500,BROBAR BACKCHAT,564,482
,501,ARICON PRINCE ALFRED,610,611
,502,BOBARIS BONNY BUTTERCUP,682,683
,503,LORDSFIELD BOMBADIER OF BROBAR,564,684
,504,BROBAR HOTLINE,685,686
,505,BRONDY'S MISTY MORNING,540,687
,506,AGATES OTTOMAN OF WOOLBOROUGH,540,688
,507,HARDRA'S SWEETHEART,618,689
,508,KEARBY'S BUGLER,690,691
,509,GOLDEN MONASEETAH'S ARIELE,692,693
,510,JOBRULU ANTHYLLIS,626,694
,511,LIMELIGHT OF GRAIGVILLE,695,696
,512,REVLON REMUS,438,697
,513,MISS IMP OF KEARBY,698,699
,514,HOLLYFIRS CHOCOLATE SOLDIER,410,700
,515,REDNAL NATASHA,562,701
,516,MONA MERRYMAID,294,702
,517,KEARBYS ANNA LOUISE,425,588
,518,BRAVELLO BIJOU,703,312
,519,DELMOREH'S SINDERS,704,705
,520,KADALA OSCAR WILDE,377,706
,521,IONEM CINDERELLA,707,437
,522,BROBAR SWEET AND LOVELY,352,708
,523,BROBAR HONEYSUCKLE OF BELATOR,352,708
,524,THOR THUNDER BOLT,709,710
,525,ARICON EYE SEE,334,443
,526,TOPKINE LUCKY LADY,711,712
,527,FOYRI PEMBERTON BOY,298,713
,528,EYE POPPER OF ARICON,334,560
,529,KADALA JILL-IN-A-BOX,292,706
,530,HELEN THE WARLADY,273,714
,531,DAVANNA'S BUNTY,715,716
,532,JADE BONNIE BEE,527,717
,533,JOBRULU JACQUEMINOT,436,718
,534,SOUPERLATIVE TROTWOOD,719,720
,535,HARDRA'S PRINCE HAL,618,721
,536,MOATVALE MADRIGAL,722,723
,537,CHARLSDON COMMANDER,436,724
,538,SOUPERLATIVE SILHOUETTE,377,725
,539,CHARLSDON WHITE PEACH,726,727
,540,HARDRA'S PRINCE CHARMING,436,728
,541,CONTANGO CHAT ME UP,729,730
,542,HARDRA'S HOLLY,600,731
,543,SOUPERLATIVE SCARLET OF MEREGIS,540,732
,544,SEQOUIAH COUNTY GAME,537,733
,545,STAR DELIGHT OF SEQOUIAH,410,734
,546,GEHAM CHARLIE BROWN,408,735
,547,SEGREDA ST CLAIRE,623,736
,548,ABRAXAS APEX,436,737
,549,ABRAXAS AMBROSIA,719,738
,550,DAJANS HIJACK,739,740
,551,VALOSCAT COPAIBA,741,742
,552,KELMASON'S KOPACABANNA,743,744
,553,LUCKY LADY,671,515
,554,SONSPAR SOLID SILVER,189,190
,555,WIDGERY MEGASTAR,250,307
,556,GOLDEN HARVEST OF TERMIST,462,745
,557,KEARBY'S MAYDAY,746,747
,558,JUBILEE MAJOR,562,748
,559,CANDERVALE STAR JOY,749,750
,560,CATRANA SANDRA BELLA,232,432
,561,PRYESTA'S CZARINA,533,534
,562,HOLLYFIR'S DOG IN A DOUBLET,604,751
,563,KEARBY'S TEMPTRESS,564,752
,564,HOLLYFIR'S DEVILS DISCIPLE,600,751
,565,HOLLYFIR'S SWEET CECILY,719,751
,566,RUBERY ROSIE TOU,753,754
,567,ROVING ROSE OF FOYRI,434,755
,568,CINNAMON WITCHCRAFT,756,757
,569,STAR OF ST ANNES,450,758
,570,SUBLIME SENORITA,410,759
,571,ARICON SIRROCCO,760,761
,572,LEYFINDS WISE GUY,377,762
,573,BOBARIS BARCAROLLE,501,502
,574,BLASTOIDEA'S SHOOTING STAR,763,764
,575,SENORA SAD EYES OF ARICON,524,765
,576,WHITE EYE STAR OF TYEMA,766,767
,577,JOBRULU SAVOIR FAIRE,746,768
,578,TADWICK AVOCET,769,770
,579,BROBAR SILVER BELLE,771,772
,580,LANGVILLE GYPSY GIRL,773,774
,581,LANGVILLE SWINGING SAM,410,775
,582,LANGVILLE DEBUTANTE,771,776
,583,HOLLYFIR'S MARY KATE,410,777
,584,SOUPERLATIVE REGAL OF ORMANDY,604,720
,585,HARDRA'S HALF MOON OF ORMANDY,600,728
,586,KEARBY'S SIR GALAHAD,778,752
,587,WILMIR LOYOLA,779,780
,588,LOUISIANNA OF KEARBY'S,781,782
,589,KEARBY'S DOUBLE EVAN,564,752
,590,KEARBY'S REFLECTION,783,784
,591,KEARBY'S GABRIEL,785,786
,592,GEHAM BLACK VELVET OF KEARBY,787,788
,593,ALPINE MINSTREL BOY,789,790
,594,SEABRYN SONATA,791,792
,595,KASSANDRA ANNA LISA STAR,789,793
,596,FOYRI ELECTRIFY,562,794
,597,FOYRI REGAL GIRL OF IPPON,753,795
,598,FOYRI DIGNIFY,562,794
,599,WARCHANT INKSPOT,796,797
,600,MAERDY MAESTRO OF ORMANDY,798,799
,601,SOUPERLATIVE BOOKSALE ANGELS TEARS,719,800
,602,DENSPURS SOUPERLATIVE ROBIN,785,801
,603,IONEM CORTINA,798,802
,604,ROMANY RIVER PIRATE,803,804
,605,DENSPURS SALOME,805,806
,606,GEHAM LILLI MARLENE,787,807
,607,PONTYBULLY EASTER BONNET,785,808
,608,REDMASKE OF LENSTER,562,748
,609,CURRANEYE SWEET REFLECTION,377,809
,610,MONKERY'S CORDUROY OF JAVELAN,726,810
,611,ARICON MAMTEEKA AMELINDA,771,811
,612,ABRAXAS ACHILLEA,812,813
,613,ABRAXAS AUREOLE,548,813
,614,ABRAXAS SNOW WHITE,440,814
,615,CURRANEYE JACKIEBOY MASTER,377,809
,616,TIPCAT OF HOLLYFIR,817,818
,617,RANDELLA QUEEN OF SPADES,514,819
,618,SOUPERLATIVE SUNSTAR OF ORMANDY,785,820
,619,CURRANEYE MISTACHIO,562,821
,620,TOPAM SNOWY OWL,562,822
,621,LARES LUCKY TYKE,823,824
,622,LARES LUCKY SHEPHERDESS,825,826
,623,SEGREDA WHITE WARLORD,827,828
,624,BADLESMERE BRYONY,533,601
,625,SOUPERLATIVE ERMYNTRUDE OF WOODROW,436,829
,626,JOBRULU JACOBINIA,436,718
,627,LITCHFIELD OYSTER OF NAVARHOAN,830,831
,628,F3,832,833
,629,F4,834,835
,630,F5,836,837
,631,F6,838,839
,632,LANGVILLE BLUE JOHN,840,776
,633,LARES LOST ASCONA,621,841
,634,CLAIRE ANN OF KEARBY,779,842
,635,SEGREDA ANGELINA,533,736
,636,KIRKVILLE MAGNUM,843,844
,637,KIRKVILLE MODERN MILLIE,232,845
,638,MAERDY MAGNUM,666,846
,639,KENWUNN SANDEY,847,848
,640,POLYTELIS SILVER CONVENTION,354,356
,641,IFFINEST ABBONDANZA,849,850
,642,GEHAM CHRISTABEL,546,681
,643,ARICON'S DIAMOND OF BANEFIRE,232,851
,644,BRUM BULLIT,377,852
,645,REGAL GIRL AT RAVENHURST,298,853
,646,KEARBY'S SKIDOO,763,563
,647,WARTHORN POLLY FLINDERS,562,854
,648,GAMBLERS SUPERSTAR,292,855
,649,SWEET COMPULSION,856,857
,650,NAVADA ROAD COP,271,858
,651,NAVADA'S QUEEN BEE,859,860
,652,ALVIANCE HAWKEYE,165,190
,653,BARLEYSUGAR BABY,390,861
,654,HAUS PUZZLES CHOICE,386,862
,655,YVONNE ROYAL,640,863
,656,QUINCY IMPERATOR,640,864
,657,POLYTELIS LIBERTY WHITE,640,865
,658,MERLIN VON DER ALTEN VESTE,866,655
,659,HELEN VOM TELGEI,640,867
,660,XENNOCARA'S LA SOMBRA,868,869
,661,KVAPPINE ALET,870,871
,662,RUFFHOUSE SHEBASHINE,434,872
,663,ARICON ANNA KARENA,,
,664,BROBAR ELAN,,
,665,HUGHJILLS VALANTINE OF WILET,,
,666,RECOCO RINGLEADER OF ORMANDY,,
,667,JAMASES PERT FANCY,,
,668,ARCANUM QUEEN OF DIAMONDS,,
,669,HONKY OF BROBAR,,
,670,CHARLIES ANGEL BESS,,
,671,REDNAL PRINCE,,
,672,REDNAL LADY JAYNE,,
,673,RUBERY MASTER AT ARMS,,
,674,WHITE MAID OF BRUM,,
,675,BROBAR BABAJI,,
,676,LANGVILLE ANITA ROSE OF DEVO,,
,677,JUESTE GEORGIE PORGIE,,
,678,SWEET ALICIA OF CRISORDON,,
,679,BADLESMERE BABU'S DELIGHT,,
,680,BULIVAR BRIAR ROSE,,
,681,GEHAM SILVER SCALE,,
,682,ARICON ARCAMEDES OF FOYRI,,
,683,ARICON ANGELINA,,
,684,BROBAR GEM,,
,685,BROBAR GRISLEY,,
,686,BROBAR HORATIA,,
,687,ABRAXAS ACQUANIT,,
,688,AGATES IMPERIAL SILVER,,
,689,HARDRA'S STARBURST,,
,690,KEARBY'S TRUMPETER,,
,691,KEARBY'S KATIE,,
,692,HOLLYFIR'S BALTHAZAR,,
,693,GOLDEN MONASEETAH'S ORDENSJäGER,,
,694,JOBRULU VERONICA,,
,695,MAERDY MAHMOUD,,
,696,GRAIGVILLE INKEY,,
,697,REVLON ROMANTICA,,
,698,F7,,
,699,F8,,
,700,FENROTHER SWEET PHYLLIS,,
,701,REDNAL GAY BELLE,,
,702,EBORACUM LADY CLAIRE,,
,703,BADLESMERE BACCARAT OF BRAVELLO,,
,704,HORRESCO MISTER SNODGRASS,,
,705,DELMOREHS BLACK GEM,,
,706,AGATES SILVER NUTMEG,,
,707,BOURNHAM ALEXBROC OF IONEM,,
,708,MEREGIS HIGH AND DRY OF BROBAR,,
,709,JOWAT JACK THE LAD,,
,710,ARICON EVENING STAR,,
,711,EDELWEISS PRINCE,,
,712,TOPKINE THE HEATS ON OF FAITHFIELD,,
,713,LADY ARC ROYALE,,
,714,DERBY DAMSEL FOYRI,,
,715,CLIFTON TOMMY OF FOYRI,,
,716,FOYRI MAKE UP GIRL,,
,717,SKELENAS DOLLY DAGGER,,
,718,JOBRULU XOTICA,,
,719,ABRAXAS AUDACITY,,
,720,SOUPERLATIVE ROMINTEN RHEINGOLD,,
,721,HARDRA'S SLEEPING BEAUTY,,
,722,MONKERYS DELANTERO MOONRIDE,,
,723,MONKERY'S HARMONY,,
,724,CHARLSDON LITTLE PEACH,,
,725,SOUPERLATIVE SCRUMPTIOUS OF ORMANDY,,
,726,MONKERY'S MELTDOWN SEA SHANTY,,
,727,CHARLSDON APRICOT,,
,728,SOUPERLATIVE LAURA,,
,729,IONEM CORVETTE,,
,730,CONTANGO CODE OF LOVE,,
,731,HEATH HOUSE DESDEMONA OF HARDRA,,
,732,SOUPERLATIVE SPIFFING,,
,733,SEQOUIAH STARLIGHT,,
,734,SEQOUIAH STAR DANCER,,
,735,GEHAM SAFFRON,,
,736,SEGREDA SILVANA,,
,737,MAERDY MONALITA OF ABRAXAS,,
,738,ABRAXAS AROSINA,,
,739,F9,,
,740,F10,,
,741,EL GRECO OF BRUMMAGEM,,
,742,SOUPERLATIVE HARDRA'S HELEN,,
,743,ASHFIELD GIPSY JOKER,,
,744,MINSTREL GIRL OF KEARBY,,
,745,FENROTHER JUBILATION,,
,746,MOATVALE KNIGHT VALIANT,,
,747,MAY OF KEARBY,,
,748,MASQUERADE OF BRUMMAGEM,,
,749,BRONDY'S SUGAR RAY,,
,750,JUBILEE ROVING BEAUTY,,
,751,SWEET THURSDAY OF HOLLYFIR,,
,752,KEARBY'S MAJOR BARBARA,,
,753,FOYRI GIN YE DAUR,,
,754,JULIETTE OF RUBERY,,
,755,BONNY MAID,,
,756,BRIOSO RED BARRON,,
,757,BRIOSO DAMASK,,
,758,DIAMOND STAR,,
,759,ABRAXAS AVEEN,,
,760,ARICON ALCIDE,,
,761,ARICON ANTONIA,,
,762,WOODROW LETTUCE,,
,763,GEHAM TRISTAR,,
,764,LANGTONS DELILAH OF BLASTOIDEA,,
,765,JUDYS CHOICE,,
,766,SOLO MAHOGONY STAR,,
,767,KING EDWARD'S SHINER,,
,768,JOBRULU TANGERINE,,
,769,MAERDY METHUZELAH,,
,770,MOATVALE MAYFLOWER,,
,771,SOUPERLATIVE SUNNY OF ORMANDY,,
,772,CHLOE OF BROBAR,,
,773,LANGVILLE SEA PIRATE,,
,774,LANGVILLE BLUE MOON,,
,775,LANGVILLE CHORUS GIRL,,
,776,LANGVILLE SNOW QUEEN,,
,777,HOLLYFIRS BITTER SWEET,,
,778,GEHAM GAUNTLET,,
,779,ASHFIELD CRACKERJACK,,
,780,EL GRA OF WILMIR,,
,781,KEARBY'S PIRATE KING,,
,782,KEARBY'S LOUISA,,
,783,KEARBY'S JERREMY,,
,784,KEARBY'S SCHEHEREZADE,,
,785,ORMANDY'S ARCHANGEL,,
,786,KEARBY'S BRAMBLE QUEEN,,
,787,GEHAM BENJAMIN BUMBLEBEE,,
,788,CAROL MANDETTA,,
,789,CATRIONA SEPTEMBER STAR,,
,790,CATRIONA MISS PIP,,
,791,SEABRYN SQUADRON LEADER,,
,792,CATRIONA REGAN,,
,793,MY FAIR LADY,,
,794,IONEM SILVER MIST OF GEHAM,,
,795,GAY BEAUTY OF IPPON,,
,796,BRUMMAGEM THE BRIGAND,,
,797,DELTA OF UPEND,,
,798,WOODROW FROSTY FLAKE OF ORMANDY,,
,799,MAERDY MYSTIC MAID,,
,800,SOUPERLATIVE SPEEDY OF BOOKSALE,,
,801,SOUPERLATIVE DENSPURS SPINDRIFT,,
,802,DENSPURS SENSATION,,
,803,ROMANY ROVING SAILOR,,
,804,ROMANY RIVER WITCH,,
,805,MONKERY MR. FROSTY OF ORMANDY,,
,806,DENSPURS SUMMER SKY,,
,807,TRANQUIL RICHMOND LASS,,
,808,CINNABAR OF LENSTER,,
,809,CURRANEYE SCHOOLGIRL,,
,810,HARDRA'S SUNBEAM,,
,811,BROBAR ELITE,,
,812,ABRAXAS ANOTHER ARCHIE,,
,813,ABRAXAS AMORET,,
,814,ABRAXAS AURICA,,
,815,F11,,
,816,F12,,
,817,AJESTAWEEK CHARLIE'S CHIP OF MALODINE,,
,818,LADY FAUSTINA,,
,819,RANDELLA PIPKINS,,
,820,SOUPERLATIVE KAYBELLA,,
,821,CURRANEYE POLLY PERKINS,,
,822,SOPHIEDORA TOPAM,,
,823,LARES LOST PROGRESS,,
,824,LARES LUCKY STAR,,
,825,LARES GYPSY PAGEANT,,
,826,MENOWARS BESS,,
,827,BRAMBLEMERE YOUNG HEREFORD OF LENSTER,,
,828,PHIDGITY PHUCHSIA,,
,829,AGATES CANDYTUFT,,
,830,POSEIDON INTERDICTOR,,
,831,PAPILIO PAM ANN,,
,832,F13,,
,833,F14,,
,834,F15,,
,835,F16,,
,836,F17,,
,837,F18,,
,838,F19,,
,839,F20,,
,840,ROMANY RIO COLORADO,,
,841,LARES LOST RADIANCE,,
,842,KEARBY'S JACQUELINE,,
,843,KIRKVILLE BUTCH CASSIDY,,
,844,KIRKVILLE MAID MARION,,
,845,KIRKVILLE HAPPY HOOKER,,
,846,MAERDY MISCHKA,,
,847,ABERDARON VANSBRO,,
,848,CHERRIE GWYN,,
,849,MAGOR MIDAS TOUCH,,
,850,CANNORO CAPRICE,,
,851,ARICON AFRICAN QUEEN,,
,852,MISS BUTTONS OF BRUM,,
,853,AMFLO GIRL,,
,854,WARTHORN WITCH WAY,,
,855,MANSTRO MOONBEAM,,
,856,JELLIKER KING ARFUR,,
,857,CURRANEYE OSOPHIE,,
,858,DAJANS HOME DANCE OF NAVADA,,
,859,BRUM'S ENTERPRISE OF HERON,,
,860,HILLTOP BRIGHT BESS,,
,861,LADY KATARINA,,
,862,MAJANCO WALITTA SUNRISE,,
,863,HONEY APALOSA,,
,864,CURRANEYE ARISTA IMPERATOR,,
,865,POLYTELIS DAINTY DARLING,,
,866,BRUBAKER VON DER ALTEN VESTE,,
,867,FANNY VOM TELGEI,,
,868,SPOOKY TOOTHS BARCLEY JAMES,,
,869,SPOOKYTOOTH'S PEPSI,,
,870,BRUTUS VOM HAUS ASTORIA,,
,871,BACCARA VERVA,,
,872,SAXONE SAKI,,